{
  "timestamp": "2025-11-26T19:04:55.805960",
  "dataset_name": "integration_test",
  "n_samples": 100,
  "n_features": 3,
  "distributions": {
    "feature_1": {
      "count": 100,
      "mean": 15.054218146980718,
      "std": 2.267848675072391,
      "min": 9.402821789078551,
      "max": 19.784730531875454,
      "median": 14.89346053658429,
      "q25": 13.334509162222554,
      "q75": 16.96677673219781,
      "skewness": 0.03314343522908789,
      "kurtosis": -0.6125999980057713
    },
    "feature_2": {
      "count": 100,
      "mean": 24.94139331426956,
      "std": 2.9248216178309425,
      "min": 15.306834976242063,
      "max": 32.79491178180795,
      "median": 25.16057405827884,
      "q25": 23.35386490158939,
      "q75": 26.44208652886043,
      "skewness": -0.31377595909150496,
      "kurtosis": 1.0550768856592634
    },
    "feature_3": {
      "count": 100,
      "mean": 29.619474755042116,
      "std": 3.89736016742841,
      "min": 21.390026222350784,
      "max": 41.834501783572705,
      "median": 29.63655034871971,
      "q25": 26.850684994204475,
      "q75": 32.36618290892223,
      "skewness": 0.29198897529991347,
      "kurtosis": 0.0685711154707036
    }
  }
}