{
  "timestamp": "2025-11-26T19:04:27.790178",
  "dataset_name": "test_data",
  "n_samples": 100,
  "n_features": 3,
  "distributions": {
    "feature_1": {
      "count": 100,
      "mean": 9.792306965211813,
      "std": 1.8163368560156015,
      "min": 4.760509791820511,
      "max": 13.704556369017876,
      "median": 9.746087416440576,
      "q25": 8.798188659007094,
      "q75": 10.811904104024123,
      "skewness": -0.1779481426259529,
      "kurtosis": -0.1009774534728658
    },
    "feature_2": {
      "count": 100,
      "mean": 20.06691376114977,
      "std": 2.861006898549311,
      "min": 14.243686354102875,
      "max": 28.160507499768855,
      "median": 20.252321509840506,
      "q25": 17.58301843052728,
      "q75": 21.614511342988223,
      "skewness": 0.3869837647365012,
      "kurtosis": 0.03097902686108256
    },
    "feature_3": {
      "count": 100,
      "mean": 30.2595850124018,
      "std": 4.337131529550364,
      "min": 17.03493063972371,
      "max": 45.41092596261888,
      "median": 30.390782969275143,
      "q25": 27.378225837510477,
      "q75": 32.817749791616805,
      "skewness": 0.1777615893086051,
      "kurtosis": 1.1258545760250693
    }
  }
}